GaussianNB, BernoulliNB, MultinomialNB
0.3858695652173913, 0.32065217391304346, 0.31521739130434784
0.4972, 0.4972, 0.4972